01-07-21.142-color.jpg,2,[ 0.20820641  0.25706871  0.31535896  0.21936592]
01-07-20.405-color.jpg,2,[ 0.21237553  0.26960503  0.30200814  0.2160113 ]
01-07-30.072-color.jpg,1,[ 0.20174536  0.43677571  0.18367809  0.17780084]
01-07-35.137-color.jpg,2,[ 0.19169536  0.21207105  0.38258352  0.21365007]
01-07-22.838-color.jpg,2,[ 0.21024863  0.26433743  0.30768025  0.21773369]
01-07-20.171-color.jpg,2,[ 0.21291661  0.27326322  0.2980266   0.21579357]
01-07-35.107-color.jpg,2,[ 0.19169841  0.21210783  0.38223153  0.21396223]
01-07-35.574-color.jpg,1,[ 0.22181743  0.36656771  0.21898118  0.19263367]
01-07-47.405-color.jpg,2,[ 0.1889651   0.20223415  0.36925775  0.239543  ]
01-07-27.844-color.jpg,3,[ 0.1876622   0.189442    0.26165384  0.36124196]
01-07-41.704-color.jpg,2,[ 0.19058081  0.21000974  0.3857211   0.21368835]
01-07-51.771-color.jpg,1,[ 0.20105384  0.43742141  0.18375201  0.17777274]
01-07-51.639-color.jpg,1,[ 0.20111281  0.43744509  0.1837417   0.1777004 ]
01-07-31.405-color.jpg,1,[ 0.19693767  0.44597135  0.18070638  0.17638461]
01-07-25.174-color.jpg,2,[ 0.19481121  0.22151297  0.36845769  0.21521813]
01-07-24.108-color.jpg,2,[ 0.19313124  0.21645274  0.37642472  0.21399131]
01-07-41.959-color.jpg,1,[ 0.21977059  0.37673616  0.21305679  0.19043646]
01-07-27.141-color.jpg,3,[ 0.18717996  0.19415869  0.27206319  0.34659816]
01-07-31.878-color.jpg,1,[ 0.19543651  0.44712748  0.18092222  0.17651379]
01-07-26.673-color.jpg,2,[ 0.19160435  0.21325908  0.38156769  0.21356888]
01-07-51.138-color.jpg,1,[ 0.20180227  0.43808988  0.18276065  0.17734721]
01-07-23.437-color.jpg,2,[ 0.20845738  0.25877741  0.3141728   0.21859241]
01-07-37.360-color.jpg,0,[ 0.34691776  0.29661356  0.18109833  0.17537034]
01-07-44.372-color.jpg,1,[ 0.19851367  0.44040499  0.18341773  0.1776636 ]
01-07-47.873-color.jpg,1,[ 0.28947291  0.3503232   0.18336277  0.17684112]
01-07-24.438-color.jpg,2,[ 0.1966081   0.22485536  0.36317835  0.21535818]
01-07-34.307-color.jpg,2,[ 0.21121417  0.27125683  0.30173406  0.21579493]
01-07-37.905-color.jpg,0,[ 0.34666546  0.29687409  0.18106334  0.1753971 ]
01-07-30.805-color.jpg,1,[ 0.20413438  0.4374394   0.18178276  0.17664346]
01-07-31.073-color.jpg,1,[ 0.19250008  0.45220124  0.17940997  0.17588871]
01-07-33.638-color.jpg,2,[ 0.19399629  0.2189009   0.37180033  0.21530248]
01-07-19.908-color.jpg,2,[ 0.21102689  0.26722035  0.30333654  0.21841622]
01-07-49.777-color.jpg,0,[ 0.34416057  0.30038731  0.18041558  0.17503653]
01-07-19.574-color.jpg,2,[ 0.20851716  0.25963309  0.31260658  0.21924318]
01-07-50.775-color.jpg,1,[ 0.21513126  0.42489686  0.18292894  0.17704294]
01-07-41.377-color.jpg,2,[ 0.19218423  0.21381999  0.37996694  0.21402884]
01-07-29.414-color.jpg,3,[ 0.19270669  0.19639324  0.26721385  0.34368623]
01-07-32.572-color.jpg,1,[ 0.19544591  0.44678226  0.18116253  0.1766093 ]
01-07-50.205-color.jpg,0,[ 0.3502518   0.29445082  0.18027273  0.17502465]
01-07-22.540-color.jpg,2,[ 0.21063411  0.2656351   0.30634479  0.217386  ]
01-07-43.574-color.jpg,1,[ 0.19780898  0.44206501  0.1827725   0.1773535 ]
01-07-35.609-color.jpg,1,[ 0.21617831  0.39780844  0.20062538  0.18538787]
01-07-50.472-color.jpg,0,[ 0.32372112  0.31677169  0.18296106  0.17654614]
01-07-44.106-color.jpg,1,[ 0.19704033  0.44334906  0.18238002  0.17723058]
01-07-51.507-color.jpg,1,[ 0.19860281  0.44235392  0.18204356  0.17699971]
01-07-24.738-color.jpg,2,[ 0.19798016  0.22879582  0.35661012  0.21661391]
01-07-50.240-color.jpg,0,[ 0.3500855   0.29454627  0.18034306  0.17502518]
01-07-44.138-color.jpg,1,[ 0.19675627  0.44390206  0.18219398  0.1771477 ]
01-07-39.906-color.jpg,2,[ 0.19189321  0.21379828  0.38006536  0.21424316]
01-07-45.551-color.jpg,3,[ 0.18537377  0.1891885   0.19982996  0.42560777]
01-07-46.973-color.jpg,3,[ 0.17959323  0.18098014  0.20776167  0.43166496]
01-07-48.872-color.jpg,0,[ 0.35399066  0.29078463  0.18025115  0.17497356]
01-07-29.772-color.jpg,2,[ 0.20105807  0.23140902  0.35327148  0.21426143]
01-07-22.772-color.jpg,2,[ 0.20965749  0.26252719  0.30964343  0.21817188]
01-07-33.804-color.jpg,2,[ 0.19016142  0.20984533  0.38694045  0.2130528 ]
01-07-50.139-color.jpg,0,[ 0.34367916  0.30079449  0.18044204  0.17508431]
01-07-27.414-color.jpg,3,[ 0.18856808  0.19040209  0.25171188  0.36931795]
01-07-28.606-color.jpg,3,[ 0.18039294  0.18463315  0.21364458  0.42132933]
01-07-33.211-color.jpg,2,[ 0.18980829  0.20862877  0.38920429  0.21235865]
01-07-39.637-color.jpg,2,[ 0.19201735  0.21405063  0.37891561  0.2150164 ]
01-07-24.872-color.jpg,2,[ 0.19244075  0.21542931  0.37783263  0.21429731]
01-07-21.072-color.jpg,2,[ 0.2088469   0.25914785  0.31241999  0.21958526]
01-07-40.274-color.jpg,2,[ 0.19223523  0.21370579  0.37987714  0.21418185]
01-07-50.944-color.jpg,1,[ 0.20371511  0.43704331  0.18225239  0.17698919]
01-07-33.281-color.jpg,2,[ 0.1904456   0.20991037  0.38630159  0.21334244]
01-07-36.371-color.jpg,0,[ 0.34971823  0.29380467  0.18107103  0.17540608]
01-07-28.339-color.jpg,3,[ 0.18118012  0.18099532  0.21652523  0.42129932]
01-07-29.205-color.jpg,3,[ 0.17880344  0.17865778  0.19982153  0.44271725]
01-07-31.847-color.jpg,1,[ 0.19672545  0.44533681  0.18127572  0.17666202]
01-07-30.357-color.jpg,2,[ 0.21327288  0.27460181  0.2959826   0.2161427 ]
01-07-49.380-color.jpg,0,[ 0.34563525  0.29882291  0.18052454  0.1750173 ]
01-07-26.973-color.jpg,2,[ 0.18363096  0.19496404  0.41626494  0.20514005]
01-07-20.139-color.jpg,2,[ 0.21279683  0.27297722  0.29822914  0.2159968 ]
01-07-23.308-color.jpg,2,[ 0.21064747  0.26578033  0.30601508  0.21755712]
01-07-36.238-color.jpg,0,[ 0.34423669  0.29863251  0.18148885  0.17564196]
01-07-51.046-color.jpg,1,[ 0.20292322  0.43744916  0.18247583  0.17715179]
01-07-51.238-color.jpg,1,[ 0.20128182  0.43887372  0.18260147  0.177243  ]
01-07-33.139-color.jpg,2,[ 0.19068347  0.2098882   0.38431432  0.21511401]
01-07-20.774-color.jpg,2,[ 0.20969979  0.26287906  0.30836488  0.21905627]
01-07-35.371-color.jpg,2,[ 0.19623465  0.22180228  0.36348639  0.21847668]
01-07-48.671-color.jpg,0,[ 0.35366397  0.29022311  0.18079139  0.17532153]
01-07-35.873-color.jpg,0,[ 0.3315147   0.30917109  0.18283493  0.17647928]
01-07-31.172-color.jpg,1,[ 0.19182013  0.45339273  0.17905112  0.17573603]
01-07-49.838-color.jpg,0,[ 0.34511448  0.29960308  0.18031008  0.17497236]
01-07-51.972-color.jpg,1,[ 0.2014793   0.43643162  0.18416573  0.17792335]
01-07-24.037-color.jpg,2,[ 0.18979316  0.20887452  0.38920772  0.21212461]
01-07-40.043-color.jpg,2,[ 0.19184029  0.21328901  0.38074503  0.21412568]
01-07-29.907-color.jpg,1,[ 0.20598903  0.41856622  0.19338937  0.18205538]
01-07-25.446-color.jpg,2,[ 0.19247224  0.2159684   0.37694691  0.21461245]
01-07-33.473-color.jpg,2,[ 0.19199041  0.21438835  0.37874342  0.21487781]
01-07-28.803-color.jpg,3,[ 0.18046962  0.18460254  0.21174183  0.423186  ]
01-07-45.941-color.jpg,3,[ 0.18297595  0.18640161  0.23192439  0.39869804]
01-07-46.754-color.jpg,3,[ 0.18351507  0.18542507  0.23252855  0.39853131]
01-07-25.330-color.jpg,2,[ 0.19201915  0.21465862  0.37932616  0.21399607]
01-07-32.972-color.jpg,2,[ 0.19413084  0.2196168   0.36998539  0.21626698]
01-07-20.873-color.jpg,2,[ 0.2094216   0.26065727  0.31001694  0.21990419]
01-07-32.707-color.jpg,1,[ 0.20578167  0.42622679  0.18829664  0.1796949 ]
01-07-39.037-color.jpg,1,[ 0.21949633  0.37051647  0.2176785   0.1923087 ]
01-07-22.039-color.jpg,2,[ 0.20999452  0.26433435  0.30784023  0.2178309 ]
01-07-22.204-color.jpg,2,[ 0.21044751  0.2654676   0.30658767  0.21749722]
01-07-32.337-color.jpg,1,[ 0.19385423  0.4497407   0.18020352  0.17620154]
01-07-37.548-color.jpg,0,[ 0.34557289  0.29793293  0.18108475  0.17540943]
01-07-39.538-color.jpg,2,[ 0.19254375  0.21552949  0.37635073  0.21557603]
01-07-25.839-color.jpg,2,[ 0.19660831  0.22645519  0.36061202  0.21632449]
01-07-26.476-color.jpg,2,[ 0.19257265  0.2159211   0.37676031  0.21474594]
01-07-35.237-color.jpg,2,[ 0.19184937  0.21223715  0.38256157  0.21335191]
01-07-41.005-color.jpg,2,[ 0.19065958  0.21073008  0.38511586  0.21349448]
01-07-32.238-color.jpg,1,[ 0.19582933  0.44640578  0.18116632  0.17659856]
01-07-31.611-color.jpg,1,[ 0.18956122  0.45700293  0.17804291  0.17539294]
01-07-43.073-color.jpg,1,[ 0.19525333  0.44732077  0.18079953  0.17662637]
01-07-41.416-color.jpg,2,[ 0.19098674  0.21078216  0.38513677  0.21309433]
01-07-31.045-color.jpg,1,[ 0.1919117   0.45304518  0.17922402  0.17581911]
01-07-44.307-color.jpg,1,[ 0.19723102  0.44300278  0.18246599  0.17730022]
01-07-51.679-color.jpg,1,[ 0.20111035  0.43736237  0.18378999  0.17773729]
01-07-45.069-color.jpg,2,[ 0.17580333  0.17886169  0.44686746  0.19846753]
01-07-20.705-color.jpg,2,[ 0.20853604  0.25853156  0.31423488  0.21869753]
01-07-47.472-color.jpg,2,[ 0.19122235  0.20813388  0.37879336  0.22185041]
01-07-50.977-color.jpg,1,[ 0.20371511  0.43704331  0.18225239  0.17698919]
01-07-33.906-color.jpg,2,[ 0.19068552  0.21106332  0.38445386  0.2137973 ]
01-07-37.514-color.jpg,0,[ 0.3467011   0.29684116  0.18108009  0.17537765]
01-07-42.505-color.jpg,1,[ 0.19815364  0.44136146  0.18296897  0.17751593]
01-07-45.141-color.jpg,3,[ 0.18528835  0.1915495   0.28821997  0.33494219]
01-07-29.637-color.jpg,2,[ 0.19225584  0.20689553  0.38435913  0.21648951]
01-07-44.844-color.jpg,2,[ 0.19402574  0.21876287  0.36924986  0.21796153]
01-07-51.274-color.jpg,1,[ 0.20023933  0.44030746  0.18229247  0.17716074]
01-07-31.911-color.jpg,1,[ 0.19671591  0.44532332  0.18131623  0.17664455]
01-07-25.042-color.jpg,2,[ 0.19540587  0.2226733   0.36627783  0.21564301]
01-07-39.105-color.jpg,2,[ 0.20824484  0.26255157  0.31348785  0.21571574]
01-07-32.172-color.jpg,1,[ 0.19555227  0.44690658  0.18101309  0.17652806]
01-07-43.139-color.jpg,1,[ 0.1965859   0.44480007  0.18164287  0.17697115]
01-07-42.773-color.jpg,1,[ 0.19851768  0.44075867  0.18314785  0.1775758 ]
01-07-38.915-color.jpg,1,[ 0.25082033  0.38903881  0.18337515  0.17676571]
01-07-26.450-color.jpg,2,[ 0.19259267  0.21604359  0.37700211  0.21436163]
01-07-37.938-color.jpg,0,[ 0.34702248  0.29652074  0.18108628  0.1753705 ]
01-07-50.762-color.jpg,1,[ 0.25988099  0.37804821  0.18456091  0.1775099 ]
01-07-27.512-color.jpg,3,[ 0.180711   0.1821923  0.2173492  0.4197475]
01-07-25.009-color.jpg,2,[ 0.19340916  0.21775509  0.37401603  0.21481971]
01-07-26.007-color.jpg,2,[ 0.19495964  0.22225474  0.36718866  0.21559697]
01-07-32.040-color.jpg,1,[ 0.19607781  0.44621862  0.18112874  0.17657483]
01-07-34.041-color.jpg,2,[ 0.19224528  0.21466677  0.37790763  0.21518032]
01-07-29.507-color.jpg,2,[ 0.17687693  0.17876275  0.45253176  0.19182857]
01-07-20.238-color.jpg,2,[ 0.21259933  0.27186579  0.29978419  0.2157507 ]
01-07-50.705-color.jpg,1,[ 0.30210866  0.33581203  0.18453882  0.1775405 ]
01-08-08.078-color.jpg,2,[ 0.21016163  0.26392597  0.30905948  0.21685291]
01-07-29.138-color.jpg,3,[ 0.17845612  0.17815266  0.1987668   0.44462442]
01-07-37.675-color.jpg,0,[ 0.34490549  0.29863515  0.18105656  0.1754028 ]
01-07-45.583-color.jpg,3,[ 0.18310467  0.18691959  0.23473218  0.39524356]
01-07-33.510-color.jpg,2,[ 0.18959239  0.20880623  0.38898523  0.21261615]
01-07-39.005-color.jpg,1,[ 0.20795002  0.41572627  0.19398493  0.18233879]
01-07-23.205-color.jpg,2,[ 0.20994608  0.26381813  0.30857711  0.21765867]
01-07-34.341-color.jpg,2,[ 0.19216403  0.21430009  0.37853914  0.21499674]
01-07-47.638-color.jpg,1,[ 0.22303615  0.36373434  0.220486    0.19274352]
01-07-50.919-color.jpg,1,[ 0.20226733  0.43977423  0.18136065  0.17659779]
01-07-40.210-color.jpg,2,[ 0.19340106  0.21634225  0.37511091  0.21514578]
01-07-23.681-color.jpg,2,[ 0.19004097  0.2098563   0.38769323  0.21240949]
01-07-35.437-color.jpg,2,[ 0.20262182  0.23923873  0.33921198  0.21892747]
01-07-32.878-color.jpg,2,[ 0.19213427  0.21234572  0.37922845  0.21629156]
01-07-22.638-color.jpg,2,[ 0.21046368  0.26523063  0.30651778  0.21778792]
01-07-38.841-color.jpg,1,[ 0.31135929  0.3274191   0.18407246  0.17714914]
01-07-45.891-color.jpg,3,[ 0.18072629  0.18358823  0.21455348  0.421132  ]
01-07-40.108-color.jpg,2,[ 0.19145618  0.21223085  0.38231739  0.21399557]
01-07-23.138-color.jpg,2,[ 0.21049618  0.26554186  0.30651086  0.21745109]
01-07-38.939-color.jpg,1,[ 0.20489037  0.43760763  0.18120296  0.17629905]
01-07-42.238-color.jpg,1,[ 0.19648049  0.44429813  0.18208638  0.17713501]
01-07-31.572-color.jpg,1,[ 0.19076391  0.45534763  0.17839649  0.17549197]
01-07-34.639-color.jpg,2,[ 0.19111759  0.21205599  0.38283965  0.21398677]
01-07-41.504-color.jpg,2,[ 0.19160514  0.21219233  0.3829578   0.21324473]
01-07-42.445-color.jpg,1,[ 0.1938412   0.44803814  0.18128173  0.17683892]
01-07-29.472-color.jpg,3,[ 0.19194912  0.19832889  0.27681631  0.33290567]
01-07-21.804-color.jpg,2,[ 0.21058859  0.26619016  0.30568688  0.21753438]
01-07-37.477-color.jpg,0,[ 0.3467011   0.29684116  0.18108009  0.17537765]
01-07-39.274-color.jpg,2,[ 0.19188729  0.21449953  0.37906834  0.21454484]
01-07-35.073-color.jpg,2,[ 0.1919162   0.21260785  0.38202009  0.21345586]
01-07-27.038-color.jpg,2,[ 0.18856046  0.20321532  0.39254192  0.2156823 ]
01-07-32.637-color.jpg,1,[ 0.20304698  0.43431319  0.18457662  0.1780632 ]
01-07-43.905-color.jpg,1,[ 0.19684764  0.4431358   0.18267123  0.17734533]
01-07-20.271-color.jpg,2,[ 0.21237745  0.27096845  0.30100171  0.21565239]
01-07-47.213-color.jpg,3,[ 0.17950366  0.18115022  0.21169512  0.427651  ]
01-07-31.752-color.jpg,1,[ 0.19589336  0.44654809  0.18101819  0.17654035]
01-07-47.438-color.jpg,2,[ 0.18855878  0.20236418  0.38224083  0.22683622]
01-07-39.172-color.jpg,2,[ 0.19488182  0.22219315  0.36497587  0.21794916]
01-07-47.138-color.jpg,3,[ 0.18311925  0.18555384  0.23375161  0.3975753 ]
01-07-25.681-color.jpg,2,[ 0.19290458  0.21717469  0.37450906  0.21541167]
01-07-38.652-color.jpg,0,[ 0.32492904  0.31635798  0.18253134  0.17618164]
01-07-44.542-color.jpg,1,[ 0.2013847   0.43379536  0.18601783  0.17880212]
01-07-49.989-color.jpg,0,[ 0.34615957  0.29806455  0.18060923  0.17516665]
01-07-49.908-color.jpg,0,[ 0.34517596  0.29895033  0.18067214  0.17520157]
01-07-46.343-color.jpg,3,[ 0.18313107  0.18493903  0.23419465  0.39773524]
01-07-24.504-color.jpg,2,[ 0.19227523  0.21439486  0.37963718  0.21369273]
01-07-21.571-color.jpg,2,[ 0.21030213  0.26518137  0.30718071  0.21733579]
01-07-26.644-color.jpg,2,[ 0.19160435  0.21325908  0.38156769  0.21356888]
01-07-27.883-color.jpg,3,[ 0.18784974  0.18887999  0.25764269  0.36562758]
01-07-46.784-color.jpg,3,[ 0.18301475  0.18495297  0.23127495  0.40075734]
01-07-37.710-color.jpg,0,[ 0.344007    0.29954539  0.1810551   0.17539251]
01-07-43.410-color.jpg,1,[ 0.1965427   0.44463425  0.18182187  0.17700117]
01-07-39.771-color.jpg,2,[ 0.19170068  0.21349941  0.38119613  0.21360377]
01-07-33.873-color.jpg,2,[ 0.19068552  0.21106332  0.38445386  0.2137973 ]
01-07-46.509-color.jpg,3,[ 0.18159094  0.18316484  0.21458851  0.42065571]
01-07-39.738-color.jpg,2,[ 0.19123067  0.21256053  0.38263348  0.21357533]
01-07-21.704-color.jpg,2,[ 0.21025782  0.26493819  0.30713689  0.2176671 ]
01-07-34.377-color.jpg,2,[ 0.21159291  0.27300659  0.30006635  0.21533414]
01-07-36.538-color.jpg,0,[ 0.34791048  0.29558169  0.18104379  0.17546404]
01-07-41.872-color.jpg,2,[ 0.2096261   0.26063218  0.3133701   0.21637163]
01-07-40.871-color.jpg,2,[ 0.19167746  0.2129883   0.38119778  0.21413646]
01-07-38.205-color.jpg,0,[ 0.34926388  0.29446832  0.18093655  0.17533125]
01-07-40.974-color.jpg,2,[ 0.19029009  0.21013736  0.38676202  0.21281053]
01-07-45.777-color.jpg,3,[ 0.18313058  0.18684397  0.22679101  0.40323444]
01-07-28.574-color.jpg,3,[ 0.18046745  0.18238154  0.21207785  0.42507315]
01-07-36.006-color.jpg,0,[ 0.34676905  0.29587669  0.18160355  0.1757507 ]
01-07-35.907-color.jpg,0,[ 0.33728286  0.30408016  0.18239588  0.1762411 ]
01-07-38.741-color.jpg,0,[ 0.32657504  0.31404349  0.18291674  0.17646473]
01-07-24.772-color.jpg,2,[ 0.19829632  0.22991603  0.35504379  0.21674385]
01-07-50.372-color.jpg,0,[ 0.34089771  0.30213147  0.18135906  0.17561177]
01-07-44.906-color.jpg,2,[ 0.1851228   0.197456    0.40516612  0.21225508]
01-07-24.172-color.jpg,2,[ 0.1992585   0.23069828  0.35373398  0.21630924]
01-07-21.437-color.jpg,2,[ 0.21078725  0.26653274  0.30544846  0.21723155]
01-07-45.840-color.jpg,3,[ 0.18273299  0.18647992  0.23177863  0.39900846]
01-07-48.571-color.jpg,0,[ 0.35166378  0.29198879  0.18091803  0.1754294 ]
01-07-28.507-color.jpg,3,[ 0.18038586  0.18240835  0.21172022  0.42548558]
01-07-34.772-color.jpg,2,[ 0.1926107   0.21492659  0.37815954  0.21430317]
01-07-46.908-color.jpg,3,[ 0.18110396  0.18278802  0.21837148  0.41773654]
01-07-34.704-color.jpg,2,[ 0.19235861  0.21459605  0.3782561   0.21478924]
01-07-39.872-color.jpg,2,[ 0.19168917  0.21325713  0.38117046  0.21388324]
01-07-51.438-color.jpg,1,[ 0.19912687  0.44154761  0.18222329  0.17710223]
01-07-21.772-color.jpg,2,[ 0.21011824  0.26446172  0.30774575  0.21767429]
01-07-34.578-color.jpg,2,[ 0.19316649  0.21646839  0.37422138  0.21614374]
01-07-25.578-color.jpg,2,[ 0.19529645  0.22312338  0.36563484  0.21594534]
01-07-36.675-color.jpg,0,[ 0.34827414  0.29532743  0.18100687  0.17539156]
01-07-28.976-color.jpg,3,[ 0.18134092  0.18300687  0.21517264  0.42047957]
01-07-33.957-color.jpg,2,[ 0.19212594  0.21439588  0.37849694  0.21498124]
01-07-27.445-color.jpg,3,[ 0.18856808  0.19040209  0.25171188  0.36931795]
01-07-34.738-color.jpg,2,[ 0.19284655  0.21569551  0.37685583  0.2146021 ]
01-07-33.867-color.jpg,2,[ 0.19016142  0.20984533  0.38694045  0.2130528 ]
01-07-36.171-color.jpg,0,[ 0.34617168  0.29668598  0.18145429  0.17568804]
01-07-35.805-color.jpg,1,[ 0.30888669  0.33171335  0.1829585   0.17644146]
01-07-37.146-color.jpg,0,[ 0.34521076  0.29822852  0.18114097  0.17541974]
01-07-31.338-color.jpg,1,[ 0.18837572  0.45800408  0.1781221   0.1754981 ]
01-07-40.512-color.jpg,2,[ 0.19197227  0.21264537  0.38229321  0.21308915]
01-07-23.472-color.jpg,2,[ 0.20645055  0.25256661  0.32243203  0.21855081]
01-07-21.938-color.jpg,2,[ 0.21045972  0.26557691  0.30633592  0.21762744]
01-07-27.244-color.jpg,3,[ 0.18337615  0.18664266  0.23228644  0.39769475]
01-07-29.572-color.jpg,2,[ 0.19851552  0.21502597  0.36543393  0.22102458]
01-07-24.705-color.jpg,2,[ 0.19730728  0.22677646  0.35934484  0.21657142]
01-07-31.941-color.jpg,1,[ 0.19660008  0.44529928  0.18140856  0.17669209]
01-07-37.038-color.jpg,0,[ 0.341745    0.30173803  0.18109283  0.17542414]
01-07-41.637-color.jpg,2,[ 0.19114087  0.21127751  0.38439125  0.21319037]
01-07-45.222-color.jpg,3,[ 0.18744973  0.19321112  0.24643893  0.37290022]
01-07-42.372-color.jpg,1,[ 0.19692233  0.44313063  0.18255946  0.17738758]
01-07-34.671-color.jpg,2,[ 0.19221465  0.21442138  0.37881182  0.21455215]
01-07-22.671-color.jpg,2,[ 0.21028756  0.26456607  0.30736304  0.21778334]
01-07-23.872-color.jpg,2,[ 0.19010332  0.20950926  0.38792309  0.21246433]
01-07-30.538-color.jpg,1,[ 0.1957389   0.4494896   0.17907215  0.17569936]
01-07-21.104-color.jpg,2,[ 0.20825237  0.25719218  0.31485454  0.21970091]
01-07-26.173-color.jpg,2,[ 0.19268076  0.21630818  0.37638829  0.21462278]
01-07-39.205-color.jpg,2,[ 0.1944331   0.22059341  0.36597466  0.21899883]
01-07-20.674-color.jpg,2,[ 0.20838307  0.25956689  0.31380045  0.21824959]
01-07-34.941-color.jpg,2,[ 0.192931    0.21504773  0.37761685  0.21440442]
01-07-36.571-color.jpg,0,[ 0.34673914  0.29684475  0.18102641  0.17538971]
01-07-44.217-color.jpg,1,[ 0.19726015  0.44298902  0.18248969  0.17726114]
01-07-22.971-color.jpg,2,[ 0.21038288  0.26491074  0.30718794  0.21751844]
01-07-28.274-color.jpg,3,[ 0.18072313  0.18039525  0.21350133  0.42538028]
01-07-37.443-color.jpg,0,[ 0.34721176  0.29636734  0.18104811  0.17537279]
01-07-49.875-color.jpg,0,[ 0.3430689   0.30141423  0.18044019  0.17507668]
01-07-36.104-color.jpg,0,[ 0.34793255  0.29522754  0.18125317  0.17558674]
01-07-45.808-color.jpg,3,[ 0.18044161  0.18332554  0.21326688  0.42296597]
01-07-19.977-color.jpg,2,[ 0.2114679   0.26915528  0.30180024  0.21757658]
01-07-34.273-color.jpg,2,[ 0.19265925  0.21514279  0.375818    0.21637996]
01-07-37.107-color.jpg,0,[ 0.34525898  0.29822073  0.18111119  0.1754091 ]
01-07-26.938-color.jpg,2,[ 0.18622257  0.19987629  0.40107895  0.21282219]
01-07-35.643-color.jpg,1,[ 0.21163025  0.41456111  0.19223628  0.18157236]
01-07-30.776-color.jpg,1,[ 0.20603671  0.43537991  0.18187497  0.17670842]
01-07-24.989-color.jpg,2,[ 0.19340916  0.21775509  0.37401603  0.21481971]
01-07-38.372-color.jpg,0,[ 0.34807054  0.29587013  0.18084106  0.17521827]
01-07-49.240-color.jpg,0,[ 0.35255377  0.29216862  0.18032756  0.17495006]
01-07-37.738-color.jpg,0,[ 0.34510878  0.29846967  0.18103611  0.17538545]
01-07-38.576-color.jpg,0,[ 0.32479096  0.31666476  0.182381    0.17616328]
01-07-51.737-color.jpg,1,[ 0.20079726  0.43809594  0.18347623  0.17763057]
01-07-34.026-color.jpg,2,[ 0.19224528  0.21466677  0.37790763  0.21518032]
01-07-31.107-color.jpg,1,[ 0.19235778  0.45272022  0.17919156  0.17573044]
01-07-20.905-color.jpg,2,[ 0.2095109   0.26050154  0.30982219  0.22016536]
01-07-33.340-color.jpg,2,[ 0.19372793  0.21794997  0.37305977  0.21526232]
01-07-37.387-color.jpg,0,[ 0.34655351  0.29709334  0.18101354  0.17533961]
01-07-31.372-color.jpg,1,[ 0.19465468  0.44886708  0.18023913  0.17623911]
01-07-47.704-color.jpg,1,[ 0.2080521   0.42617312  0.18683312  0.17894165]
01-07-21.208-color.jpg,2,[ 0.20850357  0.25867033  0.31431152  0.21851459]
01-07-30.572-color.jpg,1,[ 0.19731713  0.44749178  0.1793978   0.17579328]
01-07-48.177-color.jpg,0,[ 0.35147803  0.29207756  0.18089743  0.17554697]
01-07-32.838-color.jpg,1,[ 0.22167776  0.31439818  0.25791395  0.20601011]
01-07-37.196-color.jpg,0,[ 0.34521076  0.29822852  0.18114097  0.17541974]
01-07-33.738-color.jpg,2,[ 0.19264297  0.21604369  0.37721826  0.21409508]
01-07-29.440-color.jpg,3,[ 0.19074631  0.19622946  0.27153029  0.34149394]
01-07-22.006-color.jpg,2,[ 0.21026819  0.26476801  0.30709719  0.21786661]
01-07-19.275-color.jpg,2,[ 0.21109586  0.2666927   0.30444937  0.21776207]
01-07-34.972-color.jpg,2,[ 0.19291909  0.21504911  0.37753023  0.21450157]
01-07-44.046-color.jpg,1,[ 0.19707377  0.44318231  0.18248087  0.17726305]
01-07-50.041-color.jpg,0,[ 0.34626903  0.29787792  0.18065145  0.1752016 ]
01-07-39.071-color.jpg,1,[ 0.220443    0.31867936  0.25596051  0.20491714]
01-07-20.604-color.jpg,2,[ 0.20860405  0.25996035  0.31355972  0.21787588]
01-07-23.372-color.jpg,2,[ 0.21018562  0.26417668  0.30764528  0.21799242]
01-07-50.179-color.jpg,0,[ 0.34766983  0.29688653  0.18037125  0.17507239]
01-07-34.144-color.jpg,2,[ 0.194293    0.21910636  0.36952156  0.21707908]
01-07-29.338-color.jpg,3,[ 0.18428675  0.18541148  0.23355285  0.39674892]
01-07-19.805-color.jpg,2,[ 0.20882938  0.25935798  0.3116581   0.22015454]
01-07-50.651-color.jpg,1,[ 0.31185434  0.32640097  0.18434133  0.17740337]
01-07-39.372-color.jpg,2,[ 0.19085114  0.21126379  0.38423245  0.21365263]
01-07-30.877-color.jpg,1,[ 0.19858603  0.44495259  0.18034182  0.17611956]
01-07-50.272-color.jpg,0,[ 0.34980409  0.29460265  0.18050907  0.17508419]
01-07-20.938-color.jpg,2,[ 0.20922824  0.25977401  0.31104688  0.21995087]
01-07-46.474-color.jpg,3,[ 0.18735793  0.18984032  0.24740758  0.37539418]
01-07-34.878-color.jpg,2,[ 0.19299273  0.21528675  0.37668541  0.21503512]
01-07-44.471-color.jpg,1,[ 0.19988467  0.43770695  0.18434097  0.17806741]
01-07-24.212-color.jpg,2,[ 0.19905894  0.23014153  0.35458333  0.2162162 ]
01-07-51.007-color.jpg,1,[ 0.20629138  0.43280073  0.18338832  0.17751957]
01-07-35.504-color.jpg,1,[ 0.21781672  0.29069232  0.28041976  0.2110712 ]
01-07-26.412-color.jpg,2,[ 0.19259778  0.21595462  0.37673764  0.21470995]
01-07-29.373-color.jpg,3,[ 0.18428675  0.18541148  0.23355285  0.39674892]
01-07-43.008-color.jpg,1,[ 0.19652103  0.44534257  0.18131283  0.17682357]
01-07-45.175-color.jpg,3,[ 0.18652995  0.1917768   0.28480051  0.33689274]
01-07-44.641-color.jpg,1,[ 0.21438293  0.39589352  0.20329848  0.18642507]
01-07-27.180-color.jpg,3,[ 0.1867682   0.19291419  0.25650537  0.36381224]
01-07-48.539-color.jpg,0,[ 0.34761603  0.29637618  0.18075732  0.17525048]
01-07-44.172-color.jpg,1,[ 0.19739997  0.44282012  0.18250452  0.17727538]
01-07-45.400-color.jpg,3,[ 0.18331799  0.18662459  0.19472882  0.43532859]
01-07-48.937-color.jpg,0,[ 0.35355893  0.29123829  0.18021506  0.17498772]
01-07-21.237-color.jpg,2,[ 0.20866311  0.25883969  0.31370628  0.21879092]
01-07-45.076-color.jpg,2,[ 0.17580333  0.17886169  0.44686746  0.19846753]
01-07-32.472-color.jpg,1,[ 0.1950386   0.44808952  0.18054824  0.17632365]
01-07-46.442-color.jpg,3,[ 0.18735793  0.18984032  0.24740758  0.37539418]
01-07-50.872-color.jpg,1,[ 0.20839688  0.43109498  0.18316302  0.17734511]
01-07-38.404-color.jpg,0,[ 0.34645615  0.29738489  0.18089407  0.17526488]
01-07-49.073-color.jpg,0,[ 0.35502543  0.29003333  0.18007843  0.17486281]
01-07-33.606-color.jpg,2,[ 0.1930516   0.21668104  0.37499542  0.21527193]
01-07-24.139-color.jpg,2,[ 0.19802923  0.22815003  0.35799697  0.21582378]
01-07-28.706-color.jpg,3,[ 0.18023944  0.18416973  0.21061407  0.42497676]
01-07-46.048-color.jpg,3,[ 0.18347872  0.18543033  0.23360124  0.39748972]
01-07-40.937-color.jpg,2,[ 0.1911711   0.21187509  0.38357915  0.21337465]
01-07-36.039-color.jpg,0,[ 0.34925829  0.29375754  0.18136082  0.17562336]
01-07-30.005-color.jpg,1,[ 0.19904364  0.43917048  0.18388619  0.17789969]
01-07-25.341-color.jpg,2,[ 0.19201915  0.21465862  0.37932616  0.21399607]
01-07-47.939-color.jpg,0,[ 0.33497471  0.30567001  0.18265897  0.17669632]
01-07-30.272-color.jpg,1,[ 0.19892739  0.44426691  0.18050617  0.17629954]
01-07-22.937-color.jpg,2,[ 0.21031003  0.26472417  0.30741989  0.21754591]
01-07-22.318-color.jpg,2,[ 0.21010431  0.2642211   0.30806705  0.21760755]
01-07-40.837-color.jpg,2,[ 0.19076728  0.21091012  0.38481587  0.21350672]
01-07-20.811-color.jpg,2,[ 0.20930666  0.26115408  0.31006333  0.21947593]
01-07-27.005-color.jpg,2,[ 0.17908609  0.18549734  0.43652834  0.19888823]
01-07-27.713-color.jpg,3,[ 0.18938153  0.19155203  0.26975342  0.34931302]
01-07-48.772-color.jpg,0,[ 0.35269215  0.29174868  0.18042256  0.1751366 ]
01-07-19.489-color.jpg,2,[ 0.20915195  0.26160818  0.31035107  0.2188888 ]
01-07-42.572-color.jpg,1,[ 0.19823366  0.44184621  0.18260624  0.17731389]
01-07-28.306-color.jpg,3,[ 0.18093754  0.18248359  0.21525036  0.42132851]
01-07-43.106-color.jpg,1,[ 0.19574713  0.44646829  0.18106385  0.17672072]
01-07-45.715-color.jpg,3,[ 0.18016844  0.18313862  0.21600534  0.4206876 ]
01-07-43.872-color.jpg,1,[ 0.1959174   0.4447646   0.18219496  0.17712305]
01-07-47.305-color.jpg,3,[ 0.18449326  0.1891725   0.21059213  0.41574211]
01-07-28.673-color.jpg,3,[ 0.18059611  0.1848475   0.21319659  0.4213598 ]
01-07-23.740-color.jpg,2,[ 0.19004097  0.2098563   0.38769323  0.21240949]
01-07-38.105-color.jpg,0,[ 0.34643706  0.29706631  0.18109564  0.17540099]
01-07-47.172-color.jpg,3,[ 0.18160202  0.18385084  0.22538491  0.40916223]
01-07-36.205-color.jpg,0,[ 0.34455233  0.29832393  0.18148062  0.17564312]
01-07-47.337-color.jpg,3,[ 0.19190236  0.20094612  0.23957823  0.36757329]
01-07-32.204-color.jpg,1,[ 0.19465217  0.44858716  0.18045974  0.17630093]
01-07-24.805-color.jpg,2,[ 0.19694879  0.22632365  0.36029924  0.21642832]
01-07-29.848-color.jpg,1,[ 0.22249766  0.33764238  0.2399677   0.19989225]
01-07-51.472-color.jpg,1,[ 0.19906568  0.44157391  0.18225797  0.17710244]
01-07-24.472-color.jpg,2,[ 0.19763603  0.22734352  0.35938689  0.21563356]
01-07-45.618-color.jpg,3,[ 0.18279197  0.18668129  0.23069958  0.39982716]
01-07-51.339-color.jpg,1,[ 0.19880638  0.4423121   0.18192196  0.17695956]
01-07-22.737-color.jpg,2,[ 0.21008286  0.26395904  0.30801955  0.21793855]
01-07-49.276-color.jpg,0,[ 0.35261871  0.29187743  0.18045605  0.17504781]
01-07-22.406-color.jpg,2,[ 0.21060892  0.26571034  0.30619587  0.21748486]
01-07-41.474-color.jpg,2,[ 0.19160514  0.21219233  0.3829578   0.21324473]
01-07-35.404-color.jpg,2,[ 0.19791439  0.22630254  0.35802262  0.21776045]
01-07-30.705-color.jpg,1,[ 0.20559061  0.43649721  0.18136622  0.17654596]
01-07-46.556-color.jpg,3,[ 0.18298829  0.18496747  0.22966977  0.40237447]
01-07-23.071-color.jpg,2,[ 0.21082132  0.26597004  0.30540826  0.21780039]
01-07-23.301-color.jpg,2,[ 0.21064747  0.26578033  0.30601508  0.21755712]
01-07-19.208-color.jpg,2,[ 0.21340449  0.27415202  0.29637617  0.21606732]
01-07-22.904-color.jpg,2,[ 0.21036713  0.26501492  0.3071466   0.21747135]
01-07-48.804-color.jpg,0,[ 0.35435964  0.29027055  0.1803109   0.17505891]
01-07-51.937-color.jpg,1,[ 0.20220597  0.4352092   0.18448769  0.17809714]
01-07-32.537-color.jpg,1,[ 0.19403347  0.44938543  0.18032762  0.17625348]
01-07-51.805-color.jpg,1,[ 0.2005904   0.43793974  0.18371579  0.17775406]
01-07-22.072-color.jpg,2,[ 0.20980925  0.26331678  0.30898467  0.2178893 ]
01-07-49.744-color.jpg,0,[ 0.34459401  0.2999064   0.18048202  0.17501757]
01-07-36.472-color.jpg,0,[ 0.34857781  0.29494908  0.18105209  0.17542102]
01-07-31.138-color.jpg,1,[ 0.19141812  0.45391823  0.17898717  0.17567647]
01-07-37.006-color.jpg,0,[ 0.34141353  0.30204385  0.18112901  0.17541361]
01-07-48.904-color.jpg,0,[ 0.35448747  0.29042243  0.1801519   0.17493821]
01-07-24.605-color.jpg,2,[ 0.19101308  0.21163628  0.38416563  0.21318501]
01-07-25.514-color.jpg,2,[ 0.19283651  0.21675424  0.37575417  0.21465508]
01-07-34.428-color.jpg,2,[ 0.21213027  0.27535916  0.29846424  0.21404632]
01-07-21.604-color.jpg,2,[ 0.20984166  0.26364414  0.30890837  0.21760582]
01-07-27.206-color.jpg,3,[ 0.1818521   0.18520221  0.2220431   0.41090259]
01-07-29.938-color.jpg,1,[ 0.20749124  0.41890275  0.19209552  0.18151048]
01-07-49.602-color.jpg,0,[ 0.34414809  0.30035622  0.1804603   0.1750354 ]
01-07-29.738-color.jpg,2,[ 0.18961348  0.20463435  0.39501855  0.21073363]
01-07-42.740-color.jpg,1,[ 0.19880897  0.44041592  0.18321017  0.17756494]
01-07-28.638-color.jpg,3,[ 0.1808117   0.18522385  0.2153772   0.41858725]
01-07-49.338-color.jpg,0,[ 0.35260975  0.29209192  0.18030639  0.17499194]
01-07-33.114-color.jpg,2,[ 0.21201412  0.27321624  0.30043117  0.21433846]
01-07-51.871-color.jpg,1,[ 0.20187919  0.43563846  0.18442861  0.17805373]
01-07-34.178-color.jpg,2,[ 0.19301281  0.21621765  0.37498126  0.21578828]
01-07-42.307-color.jpg,1,[ 0.19795777  0.44130404  0.18311267  0.17762552]
01-07-27.104-color.jpg,2,[ 0.21171272  0.24371893  0.31963088  0.22493748]
01-07-27.974-color.jpg,3,[ 0.18030387  0.18103427  0.21307364  0.42558821]
01-07-30.206-color.jpg,1,[ 0.19858082  0.44408615  0.18083994  0.17649309]
01-07-30.672-color.jpg,1,[ 0.20522454  0.43701991  0.18126175  0.1764938 ]
01-07-51.604-color.jpg,1,[ 0.20032752  0.43906695  0.1831276   0.17747792]
01-07-38.045-color.jpg,0,[ 0.34730339  0.29631517  0.18103089  0.17535055]
01-07-25.108-color.jpg,2,[ 0.19562369  0.22326921  0.36585289  0.21525421]
01-07-31.972-color.jpg,1,[ 0.19591911  0.44628861  0.18119953  0.17659275]
01-07-41.454-color.jpg,2,[ 0.19098674  0.21078216  0.38513677  0.21309433]
01-07-49.306-color.jpg,0,[ 0.35435105  0.29026259  0.18036688  0.17501948]
01-07-48.605-color.jpg,0,[ 0.34923359  0.2948318   0.18070405  0.17523055]
01-07-49.809-color.jpg,0,[ 0.344417    0.30015306  0.18041565  0.17501428]
01-07-41.393-color.jpg,2,[ 0.19178148  0.21273733  0.38192963  0.21355157]
01-07-46.576-color.jpg,3,[ 0.18298829  0.18496747  0.22966977  0.40237447]
01-07-23.509-color.jpg,2,[ 0.20517566  0.24857853  0.3269507   0.21929511]
01-07-24.305-color.jpg,2,[ 0.19328743  0.21650185  0.37548467  0.21472605]
01-07-48.079-color.jpg,0,[ 0.3552251   0.28764433  0.18125014  0.17588043]
01-07-39.242-color.jpg,2,[ 0.1911716   0.21301208  0.37986417  0.21595214]
01-07-25.479-color.jpg,2,[ 0.19514409  0.22242362  0.36666827  0.21576402]
01-07-36.804-color.jpg,0,[ 0.33929482  0.30348974  0.18152971  0.17568574]
01-07-26.775-color.jpg,2,[ 0.18916515  0.20524106  0.3954661   0.21012769]
01-07-48.845-color.jpg,0,[ 0.35400503  0.29084907  0.1801931   0.1749528 ]
01-07-42.644-color.jpg,1,[ 0.19854607  0.44166527  0.18251735  0.17727131]
01-07-44.276-color.jpg,1,[ 0.19773377  0.44222887  0.18270646  0.1773309 ]
01-07-48.275-color.jpg,0,[ 0.34385018  0.30060727  0.18037593  0.17516662]
01-07-32.905-color.jpg,2,[ 0.20535534  0.24744807  0.3287522   0.21844439]
01-07-49.712-color.jpg,0,[ 0.34459401  0.2999064   0.18048202  0.17501757]
01-07-20.971-color.jpg,2,[ 0.20956007  0.2605678   0.30985128  0.22002085]
01-07-42.410-color.jpg,1,[ 0.19366065  0.44827204  0.18122082  0.17684649]
01-07-28.540-color.jpg,3,[ 0.18063232  0.1826127   0.21315428  0.4236007 ]
01-07-44.577-color.jpg,1,[ 0.20279702  0.43018058  0.18755826  0.17946414]
01-07-42.138-color.jpg,1,[ 0.19694929  0.44326232  0.18251226  0.17727613]
01-07-51.538-color.jpg,1,[ 0.19900233  0.44167519  0.18224737  0.17707511]
01-07-50.133-color.jpg,0,[ 0.34367916  0.30079449  0.18044204  0.17508431]
01-07-29.305-color.jpg,3,[ 0.18003384  0.18030102  0.21059133  0.42907381]
01-07-47.273-color.jpg,3,[ 0.18222441  0.18459015  0.19752864  0.43565681]
01-07-36.837-color.jpg,0,[ 0.34056293  0.3023353   0.18146725  0.17563452]
01-07-35.172-color.jpg,2,[ 0.19159626  0.21183347  0.38301174  0.21355853]
01-07-40.811-color.jpg,2,[ 0.19148717  0.2123645   0.38237442  0.21377391]
01-07-31.471-color.jpg,1,[ 0.19042353  0.45598203  0.17818788  0.17540655]
01-07-33.062-color.jpg,2,[ 0.20837177  0.2595064   0.31335467  0.21876715]
01-07-23.340-color.jpg,2,[ 0.21043234  0.26466233  0.30736791  0.21753742]
01-07-40.476-color.jpg,2,[ 0.19197227  0.21264537  0.38229321  0.21308915]
01-07-34.083-color.jpg,2,[ 0.19281075  0.21568578  0.37490032  0.21660315]
01-07-32.772-color.jpg,1,[ 0.21414082  0.39804528  0.2023938   0.18542009]
01-07-46.307-color.jpg,3,[ 0.18064558  0.18206629  0.21485075  0.42243737]
01-07-34.837-color.jpg,2,[ 0.19325636  0.21609292  0.37556549  0.21508524]
01-07-51.571-color.jpg,1,[ 0.19982152  0.44026046  0.1826474   0.17727062]
01-07-50.438-color.jpg,0,[ 0.32688394  0.31426106  0.18256432  0.17629068]
01-07-27.906-color.jpg,3,[ 0.18040227  0.18108957  0.21532427  0.4231839 ]
01-07-43.540-color.jpg,1,[ 0.19758693  0.44264752  0.18251837  0.17724718]
01-07-25.383-color.jpg,2,[ 0.19270147  0.21644071  0.37610287  0.21475495]
01-07-38.774-color.jpg,0,[ 0.32376075  0.31603721  0.18342605  0.176776  ]
01-07-32.372-color.jpg,1,[ 0.19329726  0.45064372  0.17994071  0.17611831]
01-07-19.412-color.jpg,2,[ 0.20859343  0.25959714  0.31281375  0.21899569]
01-07-30.938-color.jpg,1,[ 0.1948669   0.44976463  0.1795198   0.17584866]
01-07-38.680-color.jpg,0,[ 0.32492904  0.31635798  0.18253134  0.17618164]
01-07-39.812-color.jpg,2,[ 0.19068895  0.21121157  0.3848973   0.21320218]
01-07-27.381-color.jpg,3,[ 0.18593464  0.18863012  0.2281809   0.39725434]
01-07-36.972-color.jpg,0,[ 0.34097164  0.30231952  0.18124262  0.17546621]
01-07-49.438-color.jpg,0,[ 0.34563525  0.29882291  0.18052454  0.1750173 ]
01-07-29.171-color.jpg,3,[ 0.17989912  0.17964952  0.20752674  0.43292462]
01-07-20.538-color.jpg,2,[ 0.20860882  0.25901385  0.31461385  0.21776348]
01-07-41.539-color.jpg,2,[ 0.19072319  0.21025686  0.38582381  0.21319613]
01-07-21.004-color.jpg,2,[ 0.20938154  0.26029382  0.31060044  0.21972421]
01-07-47.911-color.jpg,1,[ 0.31336481  0.32653629  0.18320573  0.17689316]
01-07-29.038-color.jpg,3,[ 0.18087751  0.18230201  0.21131454  0.42550594]
01-07-21.905-color.jpg,2,[ 0.21075147  0.26643772  0.30517888  0.21763193]
01-07-42.475-color.jpg,1,[ 0.1954841   0.44542254  0.18199897  0.17709439]
01-07-26.847-color.jpg,2,[ 0.18760676  0.20192814  0.4002983   0.2101668 ]
01-07-24.940-color.jpg,2,[ 0.19175291  0.21382576  0.3804432   0.21397813]
01-07-44.243-color.jpg,1,[ 0.19778127  0.44213626  0.18273541  0.17734706]
01-07-23.629-color.jpg,2,[ 0.19313927  0.21772939  0.37393222  0.21519912]
01-07-39.138-color.jpg,2,[ 0.19915579  0.23479768  0.34732431  0.21872222]
01-07-38.524-color.jpg,0,[ 0.33871242  0.30451561  0.18129242  0.17547956]
01-07-47.837-color.jpg,1,[ 0.26691071  0.37361092  0.18294062  0.17653775]
01-07-37.839-color.jpg,0,[ 0.3452367   0.29833709  0.18103094  0.17539527]
01-07-29.238-color.jpg,3,[ 0.1814284   0.18126732  0.22054505  0.41675923]
01-07-21.181-color.jpg,2,[ 0.20794087  0.25679271  0.316362    0.21890441]
01-07-51.107-color.jpg,1,[ 0.2023498   0.43729864  0.18294711  0.17740446]
01-07-24.390-color.jpg,2,[ 0.19686892  0.2252833   0.36199743  0.21585035]
01-07-43.277-color.jpg,1,[ 0.19686159  0.4442271   0.181872    0.17703931]
01-07-51.312-color.jpg,1,[ 0.19891559  0.44224825  0.18187446  0.1769617 ]
01-07-22.872-color.jpg,2,[ 0.21058986  0.26539718  0.30649103  0.21752193]
01-07-30.904-color.jpg,1,[ 0.20080397  0.44131337  0.1813177   0.17656495]
01-07-49.614-color.jpg,0,[ 0.34414809  0.30035622  0.1804603   0.1750354 ]
01-07-22.297-color.jpg,2,[ 0.21015557  0.26450538  0.30776566  0.21757339]
01-07-24.671-color.jpg,2,[ 0.19129335  0.21240913  0.38273979  0.21355774]
01-07-46.239-color.jpg,3,[ 0.18269325  0.18475988  0.23198655  0.40056032]
01-07-23.105-color.jpg,2,[ 0.20958584  0.26254569  0.30985594  0.21801253]
01-07-19.838-color.jpg,2,[ 0.20954078  0.2617687   0.30850168  0.22018885]
01-07-24.637-color.jpg,2,[ 0.19148093  0.21263381  0.3823193   0.21356596]
01-07-37.806-color.jpg,0,[ 0.34502622  0.29855216  0.18103729  0.17538433]
01-07-43.808-color.jpg,1,[ 0.19682027  0.4434626   0.18248049  0.17723664]
01-07-19.674-color.jpg,2,[ 0.20841388  0.2588978   0.31269075  0.21999757]
01-07-48.638-color.jpg,0,[ 0.35342999  0.29037622  0.18083508  0.17535872]
01-07-34.241-color.jpg,2,[ 0.19198863  0.21378529  0.37920791  0.21501817]
01-07-28.407-color.jpg,3,[ 0.18086211  0.18277295  0.21509193  0.42127301]
01-07-42.672-color.jpg,1,[ 0.19726942  0.44368439  0.18202236  0.17702383]
01-07-43.643-color.jpg,1,[ 0.19737068  0.44274029  0.1826182   0.17727083]
01-07-49.585-color.jpg,0,[ 0.34414809  0.30035622  0.1804603   0.1750354 ]
01-07-42.905-color.jpg,1,[ 0.19859411  0.44102184  0.18289786  0.1774862 ]
01-07-29.604-color.jpg,2,[ 0.19556113  0.21125205  0.37476517  0.21842165]
01-07-43.250-color.jpg,1,[ 0.19845437  0.44156538  0.18260675  0.17737349]
01-07-37.574-color.jpg,0,[ 0.34557289  0.29793293  0.18108475  0.17540943]
01-07-35.037-color.jpg,2,[ 0.1919162   0.21260785  0.38202009  0.21345586]
01-07-37.072-color.jpg,0,[ 0.34177109  0.30176081  0.1811015   0.1753666 ]
01-07-48.058-color.jpg,0,[ 0.35767636  0.28507553  0.18128835  0.17595976]
01-07-46.009-color.jpg,3,[ 0.18339959  0.18538116  0.23130165  0.3999176 ]
01-07-28.176-color.jpg,3,[ 0.17892679  0.17878273  0.20120579  0.44108469]
01-07-51.405-color.jpg,1,[ 0.19849284  0.44268348  0.18187577  0.17694792]
01-07-25.808-color.jpg,2,[ 0.19660831  0.22645519  0.36061202  0.21632449]
01-07-39.476-color.jpg,2,[ 0.19172471  0.21323842  0.38095261  0.21408426]
01-07-36.337-color.jpg,0,[ 0.34291126  0.29967954  0.18164514  0.17576406]
01-07-37.622-color.jpg,0,[ 0.34448717  0.29908654  0.18102558  0.17540072]
01-07-26.807-color.jpg,2,[ 0.18916515  0.20524106  0.3954661   0.21012769]
01-07-39.946-color.jpg,2,[ 0.19196222  0.21391494  0.37965665  0.21446618]
01-07-42.806-color.jpg,1,[ 0.19907773  0.43989229  0.18338309  0.17764689]
01-07-38.555-color.jpg,0,[ 0.32966588  0.31230228  0.18208567  0.17594617]
01-07-43.216-color.jpg,1,[ 0.1967373   0.44427738  0.18191375  0.17707157]
01-07-22.807-color.jpg,2,[ 0.21022447  0.26449736  0.30734021  0.21793795]
01-07-23.617-color.jpg,2,[ 0.19402167  0.2207456   0.36848014  0.21675259]
01-07-41.072-color.jpg,2,[ 0.19163366  0.212948    0.3813638   0.21405454]
01-07-33.371-color.jpg,2,[ 0.20457178  0.24771996  0.33005158  0.21765668]
01-07-48.154-color.jpg,0,[ 0.34957694  0.29378691  0.18100561  0.17563054]
01-07-41.205-color.jpg,2,[ 0.19124347  0.21189006  0.38318288  0.2136836 ]
01-07-19.706-color.jpg,2,[ 0.20788158  0.25729636  0.31449409  0.22032797]
01-07-47.073-color.jpg,3,[ 0.18293036  0.18509443  0.23279732  0.3991779 ]
01-07-20.839-color.jpg,2,[ 0.20927543  0.26073815  0.31049186  0.21949457]
01-07-20.305-color.jpg,2,[ 0.21266887  0.27103492  0.30089107  0.21540515]
01-07-45.650-color.jpg,3,[ 0.18279197  0.18668129  0.23069958  0.39982716]
01-07-50.405-color.jpg,0,[ 0.33829055  0.30410073  0.18175142  0.17585731]
01-07-39.852-color.jpg,2,[ 0.1912031   0.2123502   0.38269915  0.21374755]
01-07-27.072-color.jpg,2,[ 0.19225436  0.20972252  0.37908923  0.21893389]
01-07-28.143-color.jpg,3,[ 0.18070443  0.18142644  0.21401834  0.42385079]
01-07-32.805-color.jpg,1,[ 0.22122598  0.36960658  0.21711423  0.19205321]
01-07-38.304-color.jpg,0,[ 0.34906132  0.29485652  0.18082181  0.17526035]
01-07-21.471-color.jpg,2,[ 0.21067818  0.26657909  0.3057417   0.21700103]
01-07-40.245-color.jpg,2,[ 0.192085    0.21368745  0.38064176  0.21358579]
01-07-25.247-color.jpg,2,[ 0.19260585  0.21603714  0.3769627   0.21439431]
01-07-26.374-color.jpg,2,[ 0.19243947  0.21564041  0.37715297  0.21476715]
01-07-41.172-color.jpg,2,[ 0.19119868  0.2119381   0.38313426  0.21372896]
01-07-33.672-color.jpg,2,[ 0.19222432  0.21486113  0.37860657  0.21430798]
01-07-23.938-color.jpg,2,[ 0.18927752  0.20715255  0.3917042   0.21186573]
01-07-26.908-color.jpg,2,[ 0.18622257  0.19987629  0.40107895  0.21282219]
01-07-36.604-color.jpg,0,[ 0.34850786  0.2950155   0.1810646   0.17541204]
01-07-39.333-color.jpg,2,[ 0.19078755  0.21134463  0.38373453  0.2141333 ]
01-07-49.139-color.jpg,0,[ 0.35190117  0.29297367  0.18018548  0.17493969]
01-07-45.275-color.jpg,3,[ 0.18348688  0.18703916  0.19505706  0.4344169 ]
01-07-21.038-color.jpg,2,[ 0.20943722  0.26070189  0.31032331  0.21953758]
01-07-41.772-color.jpg,2,[ 0.19342508  0.21661527  0.37508069  0.21487896]
01-07-24.572-color.jpg,2,[ 0.19165047  0.21300623  0.38200432  0.21333898]
01-07-42.272-color.jpg,1,[ 0.19836786  0.44080513  0.18320554  0.17762148]
01-07-31.506-color.jpg,1,[ 0.1901446   0.45622313  0.17819864  0.17543363]
01-07-36.138-color.jpg,0,[ 0.34547618  0.29758624  0.18130997  0.17562761]
01-07-36.405-color.jpg,0,[ 0.3496002   0.2939307   0.18104856  0.17542055]
01-07-26.109-color.jpg,2,[ 0.19132659  0.21316882  0.38175598  0.2137486 ]
01-07-48.971-color.jpg,0,[ 0.35411892  0.29077068  0.18018     0.17493041]
01-07-45.443-color.jpg,3,[ 0.18139119  0.18449814  0.21545148  0.41865919]
01-07-29.671-color.jpg,2,[ 0.19041859  0.20469151  0.38820646  0.21668344]
01-07-51.837-color.jpg,1,[ 0.20192157  0.43570337  0.18435119  0.17802388]
01-07-30.440-color.jpg,1,[ 0.19976109  0.44347059  0.1805337   0.17623461]
01-07-43.772-color.jpg,1,[ 0.19619521  0.44437269  0.18226566  0.17716644]
01-07-42.038-color.jpg,1,[ 0.2106839   0.41060989  0.19566076  0.18304545]
01-07-48.205-color.jpg,0,[ 0.34744843  0.29642746  0.18070472  0.17541939]
01-07-23.780-color.jpg,2,[ 0.18913665  0.20783662  0.39122691  0.21179982]
01-07-26.507-color.jpg,2,[ 0.19191954  0.21437907  0.37990551  0.21379587]
01-07-26.044-color.jpg,2,[ 0.19197851  0.21464933  0.37933191  0.21404025]
01-07-31.638-color.jpg,1,[ 0.1850397   0.46261923  0.1771441   0.17519698]
01-07-30.037-color.jpg,1,[ 0.20007028  0.43867223  0.18351583  0.17774167]
01-07-19.938-color.jpg,2,[ 0.21134627  0.26855804  0.30188735  0.21820835]
01-07-28.846-color.jpg,3,[ 0.18038708  0.18431328  0.21048746  0.42481217]
01-07-33.438-color.jpg,2,[ 0.19274253  0.21623136  0.37608249  0.21494361]
01-07-30.105-color.jpg,1,[ 0.2011748   0.43804155  0.18316979  0.17761387]
01-07-31.309-color.jpg,1,[ 0.18455706  0.4633802   0.17693052  0.17513221]
01-07-21.837-color.jpg,2,[ 0.21069245  0.26639441  0.30529613  0.217617  ]
01-07-24.541-color.jpg,2,[ 0.19250417  0.21496182  0.37906967  0.21346434]
01-07-30.137-color.jpg,1,[ 0.20040888  0.44016855  0.1822421   0.17718047]
01-07-34.113-color.jpg,2,[ 0.194293    0.21910636  0.36952156  0.21707908]
01-07-33.974-color.jpg,2,[ 0.19212594  0.21439588  0.37849694  0.21498124]
01-07-46.614-color.jpg,3,[ 0.18366403  0.18575369  0.22947999  0.40110229]
01-07-26.353-color.jpg,2,[ 0.19243947  0.21564041  0.37715297  0.21476715]
01-07-26.075-color.jpg,2,[ 0.19579189  0.22419748  0.36437101  0.21563962]
01-07-47.973-color.jpg,0,[ 0.34648881  0.2947054   0.18226464  0.17654114]
01-07-23.905-color.jpg,2,[ 0.18892409  0.20632901  0.39326083  0.21148608]
01-07-20.339-color.jpg,2,[ 0.21264403  0.27157505  0.30057539  0.21520553]
01-07-37.207-color.jpg,0,[ 0.34570901  0.29782588  0.1810715   0.17539361]
01-07-46.409-color.jpg,3,[ 0.18116365  0.18261759  0.21273699  0.42348176]
01-07-44.877-color.jpg,2,[ 0.18764913  0.20492069  0.39381811  0.21361206]
01-07-42.938-color.jpg,1,[ 0.19823821  0.44174154  0.18260245  0.1774178 ]
01-07-38.875-color.jpg,1,[ 0.27927244  0.36021518  0.18365899  0.17685338]
01-07-24.411-color.jpg,2,[ 0.19277654  0.2155712   0.37799686  0.2136554 ]
01-07-39.462-color.jpg,2,[ 0.19172471  0.21323842  0.38095261  0.21408426]
01-07-43.738-color.jpg,1,[ 0.19624975  0.44435487  0.18225875  0.17713663]
01-07-24.838-color.jpg,2,[ 0.19211902  0.21467163  0.37831909  0.21489027]
01-07-40.408-color.jpg,2,[ 0.19148849  0.21167625  0.38382879  0.21300647]
01-07-22.705-color.jpg,2,[ 0.21024661  0.2644492   0.30763238  0.21767182]
01-07-21.403-color.jpg,2,[ 0.21058386  0.2658801   0.30611573  0.21742032]
01-07-42.339-color.jpg,1,[ 0.19698535  0.44300927  0.18260261  0.17740277]
01-07-33.405-color.jpg,2,[ 0.19287828  0.21662783  0.37536829  0.2151256 ]
01-07-46.878-color.jpg,3,[ 0.18148921  0.183093    0.21942054  0.41599725]
01-07-19.308-color.jpg,2,[ 0.20990351  0.26309625  0.30874649  0.21825375]
01-07-43.611-color.jpg,1,[ 0.19829404  0.4410447   0.18314954  0.17751172]
01-07-39.671-color.jpg,2,[ 0.19218224  0.21453188  0.37811276  0.21517311]
01-07-49.005-color.jpg,0,[ 0.35433939  0.2904081   0.18024859  0.17500392]
01-07-28.809-color.jpg,3,[ 0.18038708  0.18431328  0.21048746  0.42481217]
01-07-37.642-color.jpg,0,[ 0.34448717  0.29908654  0.18102558  0.17540072]
01-07-28.240-color.jpg,3,[ 0.18086614  0.1806103   0.21190155  0.42662201]
01-07-28.439-color.jpg,3,[ 0.18009183  0.18413064  0.21274774  0.42302979]
01-07-42.106-color.jpg,1,[ 0.19889724  0.43977543  0.18359036  0.17773696]
01-07-33.706-color.jpg,2,[ 0.20789889  0.26011838  0.31584787  0.21613486]
01-07-19.872-color.jpg,2,[ 0.21017276  0.26390346  0.30647764  0.21944614]
01-07-27.940-color.jpg,3,[ 0.18030387  0.18103427  0.21307364  0.42558821]
01-07-25.407-color.jpg,2,[ 0.19247224  0.2159684   0.37694691  0.21461245]
01-07-44.341-color.jpg,1,[ 0.19805405  0.4414806   0.18297991  0.17748544]
01-07-50.609-color.jpg,1,[ 0.3123107   0.32621508  0.18419775  0.17727647]
01-07-19.737-color.jpg,2,[ 0.20874113  0.25960514  0.31134637  0.22030736]
01-07-38.711-color.jpg,0,[ 0.32657504  0.31404349  0.18291674  0.17646473]
01-07-27.475-color.jpg,3,[ 0.180711   0.1821923  0.2173492  0.4197475]
01-07-37.872-color.jpg,0,[ 0.34599038  0.29752395  0.18107977  0.17540589]
01-07-44.675-color.jpg,1,[ 0.21858297  0.38399471  0.20863071  0.18879161]
01-07-50.673-color.jpg,1,[ 0.31013601  0.32776942  0.18456365  0.17753091]
01-07-25.559-color.jpg,2,[ 0.1921231   0.21540673  0.37818479  0.21428539]
01-07-41.355-color.jpg,2,[ 0.19218423  0.21381999  0.37996694  0.21402884]
01-07-49.950-color.jpg,0,[ 0.34542431  0.29881275  0.18061779  0.17514514]
01-07-19.772-color.jpg,2,[ 0.20900245  0.26027331  0.31064787  0.22007637]
01-07-52.019-color.jpg,1,[ 0.20172372  0.43623907  0.18414575  0.17789146]
01-07-47.042-color.jpg,3,[ 0.18323869  0.1853673   0.23651279  0.39488121]
01-07-28.944-color.jpg,3,[ 0.18134092  0.18300687  0.21517264  0.42047957]
01-07-29.072-color.jpg,3,[ 0.1809656   0.18237146  0.21129787  0.42536506]
01-07-40.345-color.jpg,2,[ 0.19167405  0.21229892  0.38260961  0.21341742]
01-07-20.038-color.jpg,2,[ 0.21154583  0.2688364   0.30212553  0.21749224]
01-07-43.374-color.jpg,1,[ 0.19692612  0.4443117   0.18176988  0.1769923 ]
01-07-34.607-color.jpg,2,[ 0.19262582  0.21549294  0.37694968  0.21493156]
01-07-35.471-color.jpg,2,[ 0.20804787  0.25449089  0.32028785  0.21717339]
01-07-26.577-color.jpg,2,[ 0.19534661  0.22241151  0.3669651   0.21527678]
01-07-29.549-color.jpg,2,[ 0.20145105  0.2169487   0.35986092  0.22173932]
01-07-41.804-color.jpg,2,[ 0.19599415  0.22264978  0.36560735  0.21574871]
01-07-36.638-color.jpg,0,[ 0.34915291  0.29432678  0.18108402  0.17543629]
01-07-31.247-color.jpg,1,[ 0.1901244   0.45571778  0.17855756  0.17560026]
01-07-23.971-color.jpg,2,[ 0.19230427  0.21434242  0.37976599  0.21358732]
01-07-21.972-color.jpg,2,[ 0.21032414  0.26520149  0.3067614   0.21771297]
01-07-36.076-color.jpg,0,[ 0.35077292  0.29248933  0.18119687  0.17554087]
01-07-39.507-color.jpg,2,[ 0.19274368  0.2157397   0.37615524  0.21536138]
01-07-40.772-color.jpg,2,[ 0.19036798  0.20939918  0.38737264  0.2128602 ]
01-07-46.208-color.jpg,3,[ 0.18239671  0.18432887  0.22915014  0.40412428]
01-07-22.138-color.jpg,2,[ 0.21044751  0.2654676   0.30658767  0.21749722]
01-07-27.807-color.jpg,3,[ 0.1876622   0.189442    0.26165384  0.36124196]
01-07-28.108-color.jpg,3,[ 0.17862968  0.17964769  0.19848912  0.44323351]
01-07-46.095-color.jpg,3,[ 0.18416426  0.18623529  0.22557714  0.40402331]
01-07-33.771-color.jpg,2,[ 0.19098063  0.21188564  0.38383061  0.21330312]
01-07-43.672-color.jpg,1,[ 0.19658439  0.44398506  0.18230021  0.17713034]
01-07-27.337-color.jpg,3,[ 0.18667637  0.18949591  0.20252107  0.42130665]
01-07-44.745-color.jpg,1,[ 0.22131222  0.31333946  0.25924586  0.20610245]
01-07-48.371-color.jpg,0,[ 0.34785148  0.29639714  0.18057535  0.17517604]
01-07-35.705-color.jpg,1,[ 0.22114752  0.41832703  0.18337025  0.17715521]
01-07-33.187-color.jpg,2,[ 0.18996016  0.20840335  0.38780233  0.21383416]
01-07-47.772-color.jpg,1,[ 0.21128284  0.42698122  0.18395476  0.17778117]
01-07-32.138-color.jpg,1,[ 0.19421294  0.44945387  0.18015777  0.17617542]
01-07-31.205-color.jpg,1,[ 0.19135748  0.45394055  0.17896875  0.17573323]
01-07-25.281-color.jpg,2,[ 0.19473859  0.22135629  0.3689931   0.21491202]
01-07-44.608-color.jpg,1,[ 0.21133888  0.40890435  0.19633799  0.18341878]
01-07-20.104-color.jpg,2,[ 0.21167776  0.26930947  0.30225304  0.21675972]
01-07-44.078-color.jpg,1,[ 0.19808879  0.44148004  0.1829589   0.17747227]
01-07-30.504-color.jpg,1,[ 0.19822558  0.44584438  0.17990942  0.17602062]
01-07-25.893-color.jpg,2,[ 0.19603975  0.224985    0.36280424  0.21617101]
01-07-36.938-color.jpg,0,[ 0.34008776  0.30311486  0.18130746  0.17548992]
01-07-34.542-color.jpg,2,[ 0.1915109   0.21291043  0.38153178  0.21404689]
01-07-48.738-color.jpg,0,[ 0.35355053  0.29098     0.18038189  0.17508758]
01-07-23.405-color.jpg,2,[ 0.20945341  0.26198989  0.3104029   0.21815381]
01-07-32.672-color.jpg,1,[ 0.20325691  0.43391704  0.18470146  0.17812459]
01-07-50.572-color.jpg,1,[ 0.30884563  0.32988887  0.18404607  0.17721942]
01-07-43.507-color.jpg,1,[ 0.19833869  0.44154901  0.1827515   0.17736081]
01-07-20.372-color.jpg,2,[ 0.21249842  0.27066175  0.30167751  0.21516233]
01-07-35.974-color.jpg,0,[ 0.33958934  0.30217229  0.18212952  0.17610884]
01-07-47.106-color.jpg,3,[ 0.18244985  0.18463227  0.23068655  0.40223132]
01-07-43.838-color.jpg,1,[ 0.19694328  0.4431511   0.18262662  0.17727899]
01-07-25.975-color.jpg,2,[ 0.19487128  0.22187908  0.36773913  0.21551051]
01-07-23.647-color.jpg,2,[ 0.19270565  0.21706347  0.37596154  0.21426934]
01-07-39.604-color.jpg,2,[ 0.19202611  0.21421114  0.37895516  0.2148076 ]
01-07-42.007-color.jpg,1,[ 0.21599199  0.39277786  0.20446961  0.18676054]
01-07-40.020-color.jpg,2,[ 0.19167733  0.21304236  0.38088929  0.21439103]
01-07-43.476-color.jpg,1,[ 0.19697759  0.44370673  0.18219256  0.17712313]
01-07-44.711-color.jpg,1,[ 0.22296892  0.35653176  0.22480404  0.19569527]
01-07-49.039-color.jpg,0,[ 0.35437336  0.29053783  0.18016587  0.17492294]
01-07-30.473-color.jpg,1,[ 0.19764249  0.44633785  0.17997941  0.17604026]
01-07-37.971-color.jpg,0,[ 0.34761908  0.29595193  0.18105269  0.1753763 ]
01-07-30.605-color.jpg,1,[ 0.19802344  0.44634182  0.17971442  0.17592033]
01-07-31.723-color.jpg,1,[ 0.1947112   0.44823132  0.18064048  0.176417  ]
01-07-37.416-color.jpg,0,[ 0.34721176  0.29636734  0.18104811  0.17537279]
01-07-32.307-color.jpg,1,[ 0.19366148  0.45000712  0.18014769  0.17618371]
01-07-42.172-color.jpg,1,[ 0.19841235  0.44132341  0.18283338  0.17743086]
01-07-36.310-color.jpg,0,[ 0.34293782  0.2998603   0.18151917  0.17568271]
01-07-26.145-color.jpg,2,[ 0.1922548   0.21547584  0.37803907  0.2142303 ]
01-07-49.677-color.jpg,0,[ 0.3438481   0.30069231  0.18043908  0.17502051]
01-07-34.904-color.jpg,2,[ 0.19359271  0.21660923  0.37452487  0.21527319]
01-07-19.242-color.jpg,2,[ 0.21238977  0.27078252  0.30023944  0.21658826]
01-07-48.338-color.jpg,0,[ 0.34412909  0.30017058  0.1805096   0.17519072]
01-07-25.909-color.jpg,2,[ 0.19635321  0.22573202  0.3618814   0.21603337]
01-07-43.705-color.jpg,1,[ 0.19740599  0.44256542  0.18270346  0.17732513]
01-07-28.481-color.jpg,3,[ 0.18082041  0.18282127  0.22089827  0.41546005]
01-07-48.704-color.jpg,0,[ 0.35382423  0.2906258   0.18042874  0.17512123]
01-07-23.838-color.jpg,2,[ 0.18946423  0.20806807  0.39043146  0.21203624]
01-07-42.839-color.jpg,1,[ 0.19946647  0.4391983   0.18358095  0.17775427]
01-07-50.304-color.jpg,0,[ 0.34514475  0.2987567   0.18083437  0.17526418]
01-07-38.012-color.jpg,0,[ 0.34761908  0.29595193  0.18105269  0.1753763 ]
01-07-38.971-color.jpg,1,[ 0.19812409  0.44353348  0.18156708  0.17677535]
01-07-26.205-color.jpg,2,[ 0.19224772  0.21535039  0.37794739  0.2144545 ]
01-07-40.641-color.jpg,2,[ 0.19099501  0.21059973  0.38568672  0.21271854]
01-07-42.872-color.jpg,1,[ 0.19892632  0.44024735  0.18323181  0.17759452]
01-07-20.204-color.jpg,2,[ 0.21318711  0.27440315  0.29698079  0.21542895]
01-07-43.340-color.jpg,1,[ 0.19680704  0.44417159  0.18195027  0.1770711 ]
01-07-22.211-color.jpg,2,[ 0.20940272  0.26222799  0.31061331  0.21775598]
01-07-49.644-color.jpg,0,[ 0.3438481   0.30069231  0.18043908  0.17502051]
01-07-27.545-color.jpg,3,[ 0.18845734  0.19130005  0.25279162  0.36745099]
01-07-43.446-color.jpg,1,[ 0.19683792  0.44394303  0.18209594  0.17712312]
01-07-50.010-color.jpg,0,[ 0.34536206  0.2988487   0.18062129  0.17516795]
01-07-44.819-color.jpg,2,[ 0.20391171  0.24490185  0.3326482   0.21853825]
01-07-25.706-color.jpg,2,[ 0.19307377  0.21761953  0.37388562  0.21542108]
01-07-21.873-color.jpg,2,[ 0.21065386  0.26622072  0.30545142  0.217674  ]
01-07-45.681-color.jpg,3,[ 0.18090883  0.18388516  0.22038612  0.41481989]
01-07-45.530-color.jpg,3,[ 0.18310467  0.18691959  0.23473218  0.39524356]
01-07-33.074-color.jpg,2,[ 0.20837177  0.2595064   0.31335467  0.21876715]
01-07-36.908-color.jpg,0,[ 0.33967915  0.30356285  0.1812615   0.1754965 ]
01-07-40.440-color.jpg,2,[ 0.19064168  0.20980618  0.38695288  0.21259926]
01-07-45.908-color.jpg,3,[ 0.18072629  0.18358823  0.21455348  0.421132  ]
01-07-47.504-color.jpg,2,[ 0.19399725  0.21616166  0.37556814  0.21427295]
01-07-40.081-color.jpg,2,[ 0.19184029  0.21328901  0.38074503  0.21412568]
01-07-47.605-color.jpg,1,[ 0.22433777  0.32726817  0.2473224   0.20107166]
01-07-35.338-color.jpg,2,[ 0.1934028   0.21600196  0.37469249  0.21590276]
01-07-26.756-color.jpg,2,[ 0.1885132   0.20462601  0.39702076  0.20984003]
01-07-32.405-color.jpg,1,[ 0.19562851  0.44674431  0.18106755  0.17655963]
01-07-46.182-color.jpg,3,[ 0.18239671  0.18432887  0.22915014  0.40412428]
01-07-40.741-color.jpg,2,[ 0.19107491  0.21105137  0.38502627  0.21284745]
01-07-38.071-color.jpg,0,[ 0.34532402  0.29822114  0.18107497  0.17537987]
01-07-30.841-color.jpg,1,[ 0.20248882  0.43984209  0.18122733  0.17644175]
01-07-23.808-color.jpg,2,[ 0.18913846  0.20741275  0.3926088   0.21083999]
01-07-31.438-color.jpg,1,[ 0.19729293  0.44572636  0.18062774  0.17635297]
01-07-46.808-color.jpg,3,[ 0.18301475  0.18495297  0.23127495  0.40075734]
01-07-47.008-color.jpg,3,[ 0.18319854  0.18526583  0.23512128  0.39641435]
01-07-47.371-color.jpg,2,[ 0.18257397  0.18978869  0.39998639  0.22765095]
01-07-36.505-color.jpg,0,[ 0.34758937  0.29610715  0.1808969   0.17540659]
01-07-33.239-color.jpg,2,[ 0.18980829  0.20862877  0.38920429  0.21235865]
01-07-28.073-color.jpg,3,[ 0.17862968  0.17964769  0.19848912  0.44323351]
01-07-46.841-color.jpg,3,[ 0.18379855  0.18571539  0.2374199   0.39306616]
01-07-43.308-color.jpg,1,[ 0.19650925  0.44472316  0.18177047  0.17699712]
01-07-27.686-color.jpg,2,[ 0.21056307  0.2117603   0.38491604  0.19276059]
01-07-34.207-color.jpg,2,[ 0.19402297  0.21822312  0.36999504  0.21775887]
01-07-30.238-color.jpg,1,[ 0.19756982  0.44604686  0.1801824   0.17620093]
01-07-21.671-color.jpg,2,[ 0.20960101  0.26228594  0.31024113  0.21787192]
01-07-23.038-color.jpg,2,[ 0.20999605  0.26370743  0.30857165  0.21772487]
01-07-31.812-color.jpg,1,[ 0.19599331  0.44642001  0.18101999  0.17656668]
01-07-35.205-color.jpg,2,[ 0.19227197  0.2133772   0.38113155  0.21321928]
01-07-39.571-color.jpg,2,[ 0.19105853  0.21199289  0.3823606   0.21458799]
01-07-42.705-color.jpg,1,[ 0.19649557  0.44463392  0.18187857  0.17699195]
01-07-32.004-color.jpg,1,[ 0.19578317  0.44646916  0.18115595  0.17659171]
01-07-40.308-color.jpg,2,[ 0.19223523  0.21370579  0.37987714  0.21418185]
01-07-25.211-color.jpg,2,[ 0.19481121  0.22151297  0.36845769  0.21521813]
01-07-30.171-color.jpg,1,[ 0.20205915  0.43830491  0.18241113  0.17722482]
01-07-50.339-color.jpg,0,[ 0.34550397  0.29809758  0.18102052  0.17537794]
01-07-31.005-color.jpg,1,[ 0.18862631  0.4582532   0.17781469  0.1753058 ]
01-07-31.274-color.jpg,1,[ 0.18690484  0.45989787  0.1777967   0.1754006 ]
01-07-22.343-color.jpg,2,[ 0.21010431  0.2642211   0.30806705  0.21760755]
01-07-21.305-color.jpg,2,[ 0.20988754  0.26347278  0.30910332  0.21753636]
01-07-41.905-color.jpg,1,[ 0.21809379  0.29819413  0.27418962  0.20952247]
01-07-20.072-color.jpg,2,[ 0.21005186  0.26361976  0.30807301  0.21825538]
01-07-21.271-color.jpg,2,[ 0.20874451  0.25960824  0.3133961   0.21825114]
01-07-26.325-color.jpg,2,[ 0.19243947  0.21564041  0.37715297  0.21476715]
01-07-20.437-color.jpg,2,[ 0.21147097  0.26688498  0.30505298  0.21659106]
01-07-28.908-color.jpg,3,[ 0.18039812  0.18428388  0.21022179  0.42509621]
01-07-36.739-color.jpg,0,[ 0.34614969  0.29738879  0.18107556  0.17538596]
01-07-48.504-color.jpg,0,[ 0.34866398  0.2952355   0.18081422  0.1752863 ]
01-07-47.538-color.jpg,2,[ 0.21015066  0.25477627  0.31904153  0.21603154]
01-07-40.176-color.jpg,2,[ 0.19214628  0.21393494  0.37989706  0.21402172]
01-07-49.420-color.jpg,0,[ 0.3424932   0.30205927  0.18046182  0.17498571]
01-07-33.546-color.jpg,2,[ 0.19198382  0.21430358  0.37927688  0.21443572]
01-07-20.472-color.jpg,2,[ 0.20955068  0.26113658  0.31200415  0.21730859]
01-07-35.862-color.jpg,0,[ 0.3253167   0.31523486  0.18288651  0.17656193]
01-07-19.183-color.jpg,2,[ 0.21468601  0.27871664  0.29166595  0.21493139]
01-07-26.606-color.jpg,2,[ 0.19534661  0.22241151  0.3669651   0.21527678]
01-07-19.110-color.jpg,2,[ 0.21565869  0.28258628  0.28732958  0.21442545]
01-07-28.043-color.jpg,3,[ 0.18031108  0.18094242  0.21316153  0.42558496]
01-07-19.157-color.jpg,2,[ 0.21539894  0.28182801  0.28856385  0.2142092 ]
01-07-34.804-color.jpg,2,[ 0.19339095  0.21654444  0.37466215  0.21540245]
01-07-47.239-color.jpg,3,[ 0.18339185  0.1855145   0.19995514  0.43113851]
01-07-22.375-color.jpg,2,[ 0.21060892  0.26571034  0.30619587  0.21748486]
01-07-36.437-color.jpg,0,[ 0.34889514  0.29459241  0.18107159  0.17544086]
01-07-35.738-color.jpg,1,[ 0.25329726  0.38726671  0.18293017  0.17650586]
01-07-42.972-color.jpg,1,[ 0.19598996  0.44589962  0.18129012  0.17682029]
01-07-29.872-color.jpg,1,[ 0.21722525  0.39500857  0.20214935  0.18561683]
01-07-35.271-color.jpg,2,[ 0.19195035  0.21241319  0.38207956  0.2135569 ]
01-07-19.650-color.jpg,2,[ 0.2081027   0.25796197  0.31424171  0.21969363]
01-07-45.415-color.jpg,3,[ 0.18625035  0.1903513   0.20105258  0.42234577]
01-07-29.012-color.jpg,3,[ 0.18051146  0.18207421  0.21117795  0.42623639]
01-07-36.705-color.jpg,0,[ 0.33974269  0.30302052  0.18155382  0.17568297]
01-07-41.838-color.jpg,2,[ 0.19888108  0.22988287  0.35456359  0.21667246]
01-07-40.904-color.jpg,2,[ 0.19108163  0.21174837  0.38366437  0.21350563]
01-07-48.006-color.jpg,0,[ 0.35687194  0.28560257  0.18144322  0.17608227]
01-07-44.946-color.jpg,2,[ 0.18485337  0.19648447  0.40325748  0.21540467]
01-07-45.513-color.jpg,3,[ 0.18537377  0.1891885   0.19982996  0.42560777]
01-07-36.273-color.jpg,0,[ 0.34454093  0.29827742  0.18155228  0.17562938]
01-07-24.238-color.jpg,2,[ 0.19356609  0.21673134  0.37492257  0.21478   ]
01-07-34.524-color.jpg,2,[ 0.1915109   0.21291043  0.38153178  0.21404689]
01-07-51.171-color.jpg,1,[ 0.20195007  0.43778175  0.18289254  0.17737564]
01-07-48.438-color.jpg,0,[ 0.34844818  0.29556178  0.18078521  0.17520483]
01-07-30.971-color.jpg,1,[ 0.19013235  0.45643456  0.17807982  0.17535327]
01-07-40.141-color.jpg,2,[ 0.19145618  0.21223085  0.38231739  0.21399557]
01-07-33.006-color.jpg,2,[ 0.19248148  0.21563852  0.37716886  0.21471113]
01-07-23.718-color.jpg,2,[ 0.19004097  0.2098563   0.38769323  0.21240949]
01-07-19.508-color.jpg,2,[ 0.20915195  0.26160818  0.31035107  0.2188888 ]
01-07-25.141-color.jpg,2,[ 0.19508478  0.22203796  0.3679805   0.21489677]
01-07-47.805-color.jpg,1,[ 0.23362462  0.40748854  0.18237526  0.17651158]
01-07-22.605-color.jpg,2,[ 0.21037852  0.26451282  0.30734293  0.21776573]
01-07-38.639-color.jpg,0,[ 0.32479096  0.31666476  0.182381    0.17616328]
01-07-47.572-color.jpg,1,[ 0.21931003  0.29212782  0.27912314  0.20943901]
01-07-41.137-color.jpg,2,[ 0.1919074   0.21348938  0.38055447  0.21404875]
01-07-22.242-color.jpg,2,[ 0.2105176   0.26555278  0.30654018  0.21738944]
01-07-38.175-color.jpg,0,[ 0.34697497  0.29667342  0.18100943  0.17534218]
01-07-25.943-color.jpg,2,[ 0.19487128  0.22187908  0.36773913  0.21551051]
01-07-42.538-color.jpg,1,[ 0.19853894  0.44077704  0.18308516  0.17759886]
01-07-51.205-color.jpg,1,[ 0.20122576  0.43884034  0.18264317  0.17729074]
01-07-31.539-color.jpg,1,[ 0.19054508  0.45590296  0.17815908  0.17539288]
01-07-19.440-color.jpg,2,[ 0.20859343  0.25959714  0.31281375  0.21899569]
01-07-51.905-color.jpg,1,[ 0.20262402  0.43464789  0.18460165  0.17812644]
01-07-23.172-color.jpg,2,[ 0.21038821  0.26478437  0.30700716  0.21782026]
01-07-25.774-color.jpg,2,[ 0.19566204  0.22422856  0.36409631  0.21601309]
01-07-50.504-color.jpg,1,[ 0.31500037  0.32502946  0.18324414  0.17672602]
01-07-33.308-color.jpg,2,[ 0.19850986  0.22919214  0.35586348  0.21643451]
01-07-20.006-color.jpg,2,[ 0.21158041  0.26919849  0.30187775  0.21734336]
01-07-49.212-color.jpg,0,[ 0.35362849  0.29116778  0.18026999  0.17493373]
01-07-35.559-color.jpg,1,[ 0.22181743  0.36656771  0.21898118  0.19263367]
01-07-23.004-color.jpg,2,[ 0.20998731  0.26354927  0.3087772   0.21768622]
01-07-49.174-color.jpg,0,[ 0.35436839  0.2904521   0.18023957  0.17493994]
01-07-20.505-color.jpg,2,[ 0.20905016  0.26005384  0.31366082  0.21723519]
01-07-29.105-color.jpg,3,[ 0.17777536  0.17755127  0.19267931  0.45199405]
01-07-35.304-color.jpg,2,[ 0.19353251  0.21597559  0.37405216  0.21643974]
01-07-30.409-color.jpg,1,[ 0.2012149   0.44131858  0.18101042  0.1764561 ]
01-07-33.575-color.jpg,2,[ 0.19306428  0.21674521  0.37495194  0.21523857]
01-07-44.781-color.jpg,2,[ 0.21263126  0.27408161  0.2993388   0.21394834]
01-07-48.240-color.jpg,0,[ 0.34428893  0.29996801  0.18048339  0.17525967]
01-07-32.505-color.jpg,1,[ 0.19426902  0.44929271  0.18023588  0.17620238]
01-07-20.738-color.jpg,2,[ 0.20914858  0.26013851  0.31203943  0.21867348]
01-07-20.571-color.jpg,2,[ 0.20900648  0.26085249  0.3123251   0.21781594]
01-07-21.637-color.jpg,2,[ 0.20970429  0.26299664  0.30959972  0.21769935]
01-07-42.205-color.jpg,1,[ 0.19824207  0.4413474   0.18291391  0.17749662]
01-07-25.756-color.jpg,2,[ 0.19273164  0.21686888  0.37554131  0.21485817]
01-07-27.754-color.jpg,2,[ 0.21232592  0.2179528   0.37582636  0.19389493]
01-07-24.271-color.jpg,2,[ 0.19298125  0.21564804  0.37696885  0.21440186]
01-07-22.442-color.jpg,2,[ 0.21075706  0.26621277  0.30573609  0.21729408]
01-07-27.779-color.jpg,2,[ 0.21232592  0.2179528   0.37582636  0.19389493]
01-07-36.771-color.jpg,0,[ 0.34021292  0.30245888  0.18164972  0.17567848]
01-07-25.076-color.jpg,2,[ 0.19550808  0.22286994  0.36602918  0.21559279]
01-07-24.004-color.jpg,2,[ 0.19372218  0.21804354  0.37393228  0.214302  ]
01-07-38.337-color.jpg,0,[ 0.34912307  0.29478194  0.18081468  0.17528032]
01-07-43.185-color.jpg,1,[ 0.19844706  0.44196182  0.18235349  0.17723762]
01-07-48.473-color.jpg,0,[ 0.34814508  0.29578764  0.18083073  0.17523654]
01-07-24.072-color.jpg,2,[ 0.19162745  0.21326586  0.38260937  0.21249733]
01-07-40.704-color.jpg,2,[ 0.19034568  0.20934631  0.38804212  0.21226589]
01-07-29.272-color.jpg,3,[ 0.18058072  0.18069077  0.21430683  0.42442169]
01-07-41.737-color.jpg,2,[ 0.1893837   0.20755432  0.38989291  0.21316907]
01-07-51.704-color.jpg,1,[ 0.20190993  0.43631502  0.18393951  0.17783554]
01-07-22.572-color.jpg,2,[ 0.21055891  0.26511357  0.30642798  0.21789954]
01-07-28.876-color.jpg,3,[ 0.18026475  0.18395948  0.2082819   0.42749386]
01-07-21.504-color.jpg,2,[ 0.21016802  0.2644394   0.30783901  0.21755357]
01-07-42.072-color.jpg,1,[ 0.20556496  0.42681931  0.18797001  0.17964572]
01-07-38.805-color.jpg,0,[ 0.32025386  0.31890436  0.18382901  0.17701277]
01-07-22.509-color.jpg,2,[ 0.21059768  0.26568228  0.3061902   0.21752984]
01-07-44.405-color.jpg,1,[ 0.19925421  0.43914305  0.18375238  0.17785036]
01-07-22.476-color.jpg,2,[ 0.21086712  0.26640062  0.30559645  0.21713581]
01-07-50.538-color.jpg,1,[ 0.31361902  0.32556655  0.18375346  0.17706096]
01-07-21.339-color.jpg,2,[ 0.20932051  0.26152391  0.31114821  0.21800737]
01-07-30.308-color.jpg,2,[ 0.2127849   0.27415286  0.29674711  0.21631512]
01-07-49.105-color.jpg,0,[ 0.35285451  0.29194207  0.18025834  0.17494509]
01-07-32.104-color.jpg,1,[ 0.19365624  0.45015819  0.18005127  0.1761343 ]
01-07-25.615-color.jpg,2,[ 0.19268963  0.21669915  0.37533371  0.21527751]
01-07-38.238-color.jpg,0,[ 0.34731821  0.29626645  0.18108922  0.17532612]
01-07-29.972-color.jpg,1,[ 0.20318803  0.42954207  0.18776878  0.17950113]
01-07-39.339-color.jpg,2,[ 0.19078755  0.21134463  0.38373453  0.2141333 ]
01-07-47.679-color.jpg,1,[ 0.22209346  0.30631582  0.26218168  0.20940905]
01-07-38.481-color.jpg,0,[ 0.34199779  0.30131419  0.18121479  0.17547323]
01-07-48.106-color.jpg,0,[ 0.35247134  0.29098491  0.18090824  0.1756355 ]
01-07-40.540-color.jpg,2,[ 0.19119164  0.21095227  0.38483373  0.21302236]
01-07-21.372-color.jpg,2,[ 0.2103328   0.26483568  0.30745254  0.21737898]
01-07-40.671-color.jpg,2,[ 0.19093763  0.21052695  0.3857218   0.21281363]
01-07-32.606-color.jpg,1,[ 0.19962592  0.44011394  0.18293417  0.17732598]
01-07-21.737-color.jpg,2,[ 0.21039672  0.26543094  0.30653461  0.21763773]
01-07-41.038-color.jpg,2,[ 0.19142196  0.21242642  0.38225641  0.21389521]
01-07-29.704-color.jpg,2,[ 0.1865881   0.19887523  0.40409692  0.21043975]
01-07-48.304-color.jpg,0,[ 0.34374295  0.30063898  0.18044474  0.17517333]
01-07-19.377-color.jpg,2,[ 0.20883774  0.26014879  0.31231769  0.21869578]
01-07-26.541-color.jpg,2,[ 0.19191954  0.21437907  0.37990551  0.21379587]
01-07-44.024-color.jpg,1,[ 0.19711813  0.44327587  0.18239269  0.17721332]
01-07-19.610-color.jpg,2,[ 0.20856691  0.25943098  0.3125755   0.21942661]
01-07-30.738-color.jpg,1,[ 0.20630299  0.43520521  0.18179841  0.17669339]
01-07-40.607-color.jpg,2,[ 0.19026616  0.20892678  0.38880867  0.21199839]
01-07-40.396-color.jpg,2,[ 0.19148849  0.21167625  0.38382879  0.21300647]
01-07-32.938-color.jpg,2,[ 0.19878089  0.23074192  0.35227046  0.21820673]
01-07-29.805-color.jpg,2,[ 0.21574036  0.27829653  0.29312699  0.21283612]
01-07-40.573-color.jpg,2,[ 0.19061085  0.20969041  0.38730621  0.21239252]
01-07-21.543-color.jpg,2,[ 0.20999106  0.26413625  0.30826014  0.21761255]
01-07-34.440-color.jpg,2,[ 0.21213027  0.27535916  0.29846424  0.21404632]
01-07-35.004-color.jpg,2,[ 0.19191951  0.21257319  0.38174607  0.21376123]
01-07-47.745-color.jpg,1,[ 0.20579099  0.43337385  0.1833744   0.17746077]
01-07-46.108-color.jpg,3,[ 0.18003839  0.18140278  0.20966148  0.42889735]
01-07-22.107-color.jpg,2,[ 0.20970299  0.26309945  0.30941012  0.21778744]
01-07-28.206-color.jpg,3,[ 0.18087115  0.18051888  0.21200677  0.4266032 ]
01-07-44.506-color.jpg,1,[ 0.20106209  0.43514247  0.18530445  0.178491  ]
01-07-30.639-color.jpg,1,[ 0.19943921  0.44471559  0.17989856  0.17594665]
01-07-48.405-color.jpg,0,[ 0.34814561  0.29606644  0.18061388  0.17517407]
01-07-30.382-color.jpg,2,[ 0.21386681  0.275244    0.29435351  0.21653567]
01-07-41.577-color.jpg,2,[ 0.19196449  0.21302315  0.38137212  0.21364024]
01-07-32.273-color.jpg,1,[ 0.19396878  0.44970338  0.18015127  0.17617656]
01-07-36.871-color.jpg,0,[ 0.34094262  0.30201791  0.1814353   0.17560417]
01-07-50.891-color.jpg,1,[ 0.20226733  0.43977423  0.18136065  0.17659779]
01-07-32.737-color.jpg,1,[ 0.20591189  0.42148002  0.1914559   0.1811522 ]
01-07-26.880-color.jpg,2,[ 0.18491419  0.19654152  0.4087738   0.20977049]
01-07-41.672-color.jpg,2,[ 0.19160436  0.21237579  0.38221212  0.21380773]
01-07-46.647-color.jpg,3,[ 0.18407077  0.18592257  0.23795451  0.39205215]
01-07-45.746-color.jpg,3,[ 0.18119824  0.18408316  0.21785399  0.41686461]
01-07-35.942-color.jpg,0,[ 0.33728286  0.30408016  0.18239588  0.1762411 ]
01-07-25.642-color.jpg,2,[ 0.19164366  0.21418043  0.37949508  0.21468083]
01-07-38.138-color.jpg,0,[ 0.34583692  0.29773184  0.18105907  0.17537217]
01-07-28.374-color.jpg,3,[ 0.18059937  0.18220554  0.2109053   0.42628979]
01-07-46.274-color.jpg,3,[ 0.18064558  0.18206629  0.21485075  0.42243737]
01-07-19.543-color.jpg,2,[ 0.20925562  0.26187431  0.30990891  0.21896116]
01-07-28.010-color.jpg,3,[ 0.17964715  0.18028447  0.20798952  0.43207886]
01-07-44.438-color.jpg,1,[ 0.20018336  0.43718251  0.18444808  0.17818605]
01-07-41.104-color.jpg,2,[ 0.19144345  0.21247743  0.38200098  0.21407814]
01-07-51.373-color.jpg,1,[ 0.19871681  0.44230501  0.18198318  0.176995  ]
01-07-35.672-color.jpg,1,[ 0.20212806  0.44088423  0.1807781   0.1762096 ]
01-07-41.977-color.jpg,1,[ 0.21977059  0.37673616  0.21305679  0.19043646]
01-07-27.272-color.jpg,3,[ 0.18386842  0.18671961  0.23009705  0.39931492]
01-07-43.040-color.jpg,1,[ 0.19536273  0.44731956  0.18073972  0.17657799]
01-07-46.372-color.jpg,3,[ 0.18017491  0.18271573  0.21292496  0.4241844 ]
01-07-45.110-color.jpg,3,[ 0.18897273  0.19816172  0.25620719  0.35665836]
01-07-37.773-color.jpg,0,[ 0.34412836  0.29938722  0.18104924  0.17543518]
01-07-38.439-color.jpg,0,[ 0.34611162  0.29775852  0.18090369  0.17522617]
01-07-35.772-color.jpg,1,[ 0.29082748  0.34998012  0.18283934  0.17635307]
01-07-32.072-color.jpg,1,[ 0.19457306  0.44888048  0.18030228  0.17624418]
01-07-38.272-color.jpg,0,[ 0.34765426  0.29628113  0.18085319  0.17521143]
01-07-19.342-color.jpg,2,[ 0.2082005   0.2577832   0.31492229  0.21909401]
01-07-24.338-color.jpg,2,[ 0.1971413   0.22604048  0.36118723  0.21563098]
01-07-42.616-color.jpg,1,[ 0.19836678  0.44167259  0.18266472  0.17729591]
01-07-51.079-color.jpg,1,[ 0.20235     0.43791732  0.18252928  0.17720341]
01-07-32.437-color.jpg,1,[ 0.19361085  0.45023842  0.18002262  0.1761281 ]
01-07-20.638-color.jpg,2,[ 0.20878949  0.26075293  0.31219523  0.21826235]
01-07-39.705-color.jpg,2,[ 0.19158797  0.21331518  0.38070627  0.21439058]
01-07-41.607-color.jpg,2,[ 0.19154174  0.21199123  0.38289872  0.21356831]
01-07-46.940-color.jpg,3,[ 0.18412718  0.1865107   0.23590181  0.39346031]
01-07-45.973-color.jpg,3,[ 0.18153272  0.18430084  0.21856871  0.41559773]
01-07-45.241-color.jpg,3,[ 0.1910177   0.20043874  0.21752306  0.3910205 ]
01-07-31.780-color.jpg,1,[ 0.19589336  0.44654809  0.18101819  0.17654035]
